1693828619233116629, 1693828619,232471157,,1693828621,0,UTC time from device converted to Epoch
1693828620232618169, 1693828620,232371981,,1693828622,0,UTC time from device converted to Epoch
1693828621232311901, 1693828621,232191650,,1693828623,0,UTC time from device converted to Epoch
1693828622232399264, 1693828622,232304058,,1693828624,0,UTC time from device converted to Epoch
1693828623241492579, 1693828623,241349579,,1693828625,0,UTC time from device converted to Epoch
1693828624239142216, 1693828624,239009344,,1693828626,0,UTC time from device converted to Epoch
1693828625239681600, 1693828625,239402388,,1693828627,0,UTC time from device converted to Epoch
1693828626238682129, 1693828626,238559224,,1693828628,0,UTC time from device converted to Epoch
1693828627240350017, 1693828627,239658897,,1693828629,0,UTC time from device converted to Epoch
1693828628239224937, 1693828628,239116730,,1693828630,0,UTC time from device converted to Epoch
1693828629236890438, 1693828629,236810957,,1693828631,0,UTC time from device converted to Epoch
1693828630237084227, 1693828630,237029279,,1693828632,0,UTC time from device converted to Epoch
1693828631236946681, 1693828631,236823734,,1693828633,0,UTC time from device converted to Epoch
1693828632239783460, 1693828632,237878327,,1693828634,0,UTC time from device converted to Epoch
1693828633236868750, 1693828633,236824350,,1693828635,0,UTC time from device converted to Epoch
1693828634232518361, 1693828634,231918246,,1693828636,0,UTC time from device converted to Epoch
1693828635229797537, 1693828635,229502275,,1693828637,0,UTC time from device converted to Epoch
1693828636239423778, 1693828636,239233511,,1693828638,0,UTC time from device converted to Epoch
1693828637237870478, 1693828637,237807182,,1693828639,0,UTC time from device converted to Epoch
1693828638236092054, 1693828638,235985714,,1693828640,0,UTC time from device converted to Epoch
1693828639236925805, 1693828639,236597549,,1693828641,0,UTC time from device converted to Epoch
1693828640239166798, 1693828640,237576634,,1693828642,0,UTC time from device converted to Epoch
1693828641237641469, 1693828641,236718271,,1693828643,0,UTC time from device converted to Epoch
1693828642234829884, 1693828642,234786227,,1693828644,0,UTC time from device converted to Epoch
1693828643231599034, 1693828643,231128480,,1693828645,0,UTC time from device converted to Epoch
1693828644231038800, 1693828644,230986717,,1693828646,0,UTC time from device converted to Epoch
1693828645239831298, 1693828645,239649443,,1693828647,0,UTC time from device converted to Epoch
1693828646237317967, 1693828646,237213685,,1693828648,0,UTC time from device converted to Epoch
1693828647237321659, 1693828647,237193591,,1693828649,0,UTC time from device converted to Epoch
1693828648234933223, 1693828648,234849868,,1693828650,0,UTC time from device converted to Epoch
1693828649232433554, 1693828649,232387169,,1693828651,0,UTC time from device converted to Epoch
1693828650233078370, 1693828650,232889970,,1693828652,0,UTC time from device converted to Epoch
1693828651243768588, 1693828651,243644681,,1693828653,0,UTC time from device converted to Epoch
1693828652231644730, 1693828652,231528144,,1693828654,0,UTC time from device converted to Epoch
1693828653238244194, 1693828653,238202150,,1693828655,0,UTC time from device converted to Epoch
1693828654231038140, 1693828654,230942394,,1693828656,0,UTC time from device converted to Epoch
1693828655239242136, 1693828655,239127388,,1693828657,0,UTC time from device converted to Epoch
1693828656238809387, 1693828656,238749912,,1693828658,0,UTC time from device converted to Epoch
1693828657232500117, 1693828657,231692916,,1693828659,0,UTC time from device converted to Epoch
1693828658240059788, 1693828658,239985168,,1693828660,0,UTC time from device converted to Epoch
1693828659233063885, 1693828659,232827432,,1693828661,0,UTC time from device converted to Epoch
1693828660235553924, 1693828660,235500396,,1693828662,0,UTC time from device converted to Epoch
1693828661230799002, 1693828661,230693902,,1693828663,0,UTC time from device converted to Epoch
1693828662238297726, 1693828662,238094884,,1693828664,0,UTC time from device converted to Epoch
1693828663235790323, 1693828663,235634331,,1693828665,0,UTC time from device converted to Epoch
1693828664235869829, 1693828664,235563180,,1693828666,0,UTC time from device converted to Epoch
1693828665237739848, 1693828665,236946511,,1693828667,0,UTC time from device converted to Epoch
1693828666232418893, 1693828666,231990227,,1693828668,0,UTC time from device converted to Epoch
1693828667232150392, 1693828667,232069652,,1693828669,0,UTC time from device converted to Epoch
1693828668239474968, 1693828668,239204401,,1693828670,0,UTC time from device converted to Epoch
1693828669244699837, 1693828669,244556118,,1693828671,0,UTC time from device converted to Epoch
1693828670230070500, 1693828670,230018022,,1693828672,0,UTC time from device converted to Epoch
1693828671230164126, 1693828671,229908907,,1693828673,0,UTC time from device converted to Epoch
1693828672230095485, 1693828672,229980540,,1693828674,0,UTC time from device converted to Epoch
1693828673230194402, 1693828673,230135048,,1693828675,0,UTC time from device converted to Epoch
1693828674230036085, 1693828674,229994099,,1693828676,0,UTC time from device converted to Epoch
1693828675230124569, 1693828675,229996470,,1693828677,0,UTC time from device converted to Epoch
1693828676230512235, 1693828676,230165061,,1693828678,0,UTC time from device converted to Epoch
1693828677230816832, 1693828677,230563810,,1693828679,0,UTC time from device converted to Epoch
1693828678230253314, 1693828678,229987661,,1693828680,0,UTC time from device converted to Epoch
1693828679230125823, 1693828679,229979173,,1693828681,0,UTC time from device converted to Epoch
1693828680230005789, 1693828680,229940620,,1693828682,0,UTC time from device converted to Epoch
1693828681230227288, 1693828681,229962214,,1693828683,0,UTC time from device converted to Epoch
1693828682231336700, 1693828682,231239343,,1693828684,0,UTC time from device converted to Epoch
1693828683230961456, 1693828683,230787301,,1693828685,0,UTC time from device converted to Epoch
1693828684228542004, 1693828684,228418835,,1693828686,0,UTC time from device converted to Epoch
1693828685228368862, 1693828685,228175017,,1693828687,0,UTC time from device converted to Epoch
1693828686241559752, 1693828686,240342076,,1693828688,0,UTC time from device converted to Epoch
1693828687236392017, 1693828687,235613492,,1693828689,0,UTC time from device converted to Epoch
1693828688231623302, 1693828688,230878760,,1693828690,0,UTC time from device converted to Epoch
1693828689228905974, 1693828689,228673261,,1693828691,0,UTC time from device converted to Epoch
1693828690230691994, 1693828690,230562978,,1693828692,0,UTC time from device converted to Epoch
1693828691230462649, 1693828691,230254713,,1693828693,0,UTC time from device converted to Epoch
1693828692230776451, 1693828692,230695591,,1693828694,0,UTC time from device converted to Epoch
1693828693230621955, 1693828693,230445954,,1693828695,0,UTC time from device converted to Epoch
1693828694230436514, 1693828694,230268562,,1693828696,0,UTC time from device converted to Epoch
1693828695233324183, 1693828695,232231575,,1693828697,0,UTC time from device converted to Epoch
1693828696231062408, 1693828696,230392833,,1693828698,0,UTC time from device converted to Epoch
1693828697230959858, 1693828697,230493598,,1693828699,0,UTC time from device converted to Epoch
1693828698231983478, 1693828698,230571155,,1693828700,0,UTC time from device converted to Epoch
1693828699230760386, 1693828699,230553367,,1693828701,0,UTC time from device converted to Epoch
1693828700228520766, 1693828700,228238736,,1693828702,0,UTC time from device converted to Epoch
1693828701229221970, 1693828701,228774382,,1693828703,0,UTC time from device converted to Epoch
1693828702228797212, 1693828702,228693707,,1693828704,0,UTC time from device converted to Epoch
1693828703228765528, 1693828703,228573496,,1693828705,0,UTC time from device converted to Epoch
1693828704228688490, 1693828704,228632227,,1693828706,0,UTC time from device converted to Epoch
1693828705227820591, 1693828705,227683122,,1693828707,0,UTC time from device converted to Epoch
1693828706228569422, 1693828706,228279481,,1693828708,0,UTC time from device converted to Epoch
1693828707227919435, 1693828707,227403669,,1693828709,0,UTC time from device converted to Epoch
1693828708230783800, 1693828708,230725896,,1693828710,0,UTC time from device converted to Epoch
1693828709227517196, 1693828709,227438119,,1693828711,0,UTC time from device converted to Epoch
1693828710227946372, 1693828710,227693528,,1693828712,0,UTC time from device converted to Epoch
1693828711228641009, 1693828711,228374100,,1693828713,0,UTC time from device converted to Epoch
1693828712228204963, 1693828712,228073621,,1693828714,0,UTC time from device converted to Epoch
1693828713242184914, 1693828713,239862349,,1693828715,0,UTC time from device converted to Epoch
1693828714235518322, 1693828714,235118925,,1693828716,0,UTC time from device converted to Epoch
1693828715235701480, 1693828715,235155974,,1693828717,0,UTC time from device converted to Epoch
1693828716230328169, 1693828716,230268545,,1693828718,0,UTC time from device converted to Epoch
1693828717227864380, 1693828717,227739649,,1693828719,0,UTC time from device converted to Epoch
1693828718227842095, 1693828718,227730433,,1693828720,0,UTC time from device converted to Epoch
1693828719228261232, 1693828719,227953891,,1693828721,0,UTC time from device converted to Epoch
1693828720228076937, 1693828720,227831743,,1693828722,0,UTC time from device converted to Epoch
1693828721229834816, 1693828721,227866723,,1693828723,0,UTC time from device converted to Epoch
1693828722245914048, 1693828722,245197110,,1693828724,0,UTC time from device converted to Epoch
1693828723240810683, 1693828723,238424257,,1693828725,0,UTC time from device converted to Epoch
1693828724239091820, 1693828724,239028641,,1693828726,0,UTC time from device converted to Epoch
1693828725234471436, 1693828725,233809912,,1693828727,0,UTC time from device converted to Epoch
1693828726228774177, 1693828726,228687711,,1693828728,0,UTC time from device converted to Epoch
1693828727229161374, 1693828727,229038353,,1693828729,0,UTC time from device converted to Epoch
1693828728238672155, 1693828728,238580724,,1693828730,0,UTC time from device converted to Epoch
1693828729231636582, 1693828729,231491543,,1693828731,0,UTC time from device converted to Epoch
1693828730229917158, 1693828730,229149935,,1693828732,0,UTC time from device converted to Epoch
1693828731230152216, 1693828731,229547238,,1693828733,0,UTC time from device converted to Epoch
1693828732230286710, 1693828732,229705452,,1693828734,0,UTC time from device converted to Epoch
1693828733230121214, 1693828733,229535910,,1693828735,0,UTC time from device converted to Epoch
1693828734237102413, 1693828734,236774105,,1693828736,0,UTC time from device converted to Epoch
1693828735237922222, 1693828735,237227020,,1693828737,0,UTC time from device converted to Epoch
1693828736230555824, 1693828736,229998168,,1693828738,0,UTC time from device converted to Epoch
1693828737234908867, 1693828737,234782921,,1693828739,0,UTC time from device converted to Epoch
1693828738237314492, 1693828738,237246947,,1693828740,0,UTC time from device converted to Epoch
1693828739237839569, 1693828739,237403342,,1693828741,0,UTC time from device converted to Epoch
1693828740237465289, 1693828740,237346850,,1693828742,0,UTC time from device converted to Epoch
1693828741228917439, 1693828741,228544702,,1693828743,0,UTC time from device converted to Epoch
1693828742236939778, 1693828742,236836279,,1693828744,0,UTC time from device converted to Epoch
1693828743236881200, 1693828743,236804684,,1693828745,0,UTC time from device converted to Epoch
1693828744230013799, 1693828744,229637620,,1693828746,0,UTC time from device converted to Epoch
1693828745236901869, 1693828745,236793207,,1693828747,0,UTC time from device converted to Epoch
1693828746234387930, 1693828746,234287549,,1693828748,0,UTC time from device converted to Epoch
1693828747236931804, 1693828747,236847461,,1693828749,0,UTC time from device converted to Epoch
1693828748238192821, 1693828748,237139084,,1693828750,0,UTC time from device converted to Epoch
1693828749237104805, 1693828749,236792024,,1693828751,0,UTC time from device converted to Epoch
1693828750227127725, 1693828750,227086237,,1693828752,0,UTC time from device converted to Epoch
1693828751227512584, 1693828751,227166171,,1693828753,0,UTC time from device converted to Epoch
1693828752227197236, 1693828752,227094260,,1693828754,0,UTC time from device converted to Epoch
1693828753227117879, 1693828753,227058688,,1693828755,0,UTC time from device converted to Epoch
1693828754228062199, 1693828754,227896741,,1693828756,0,UTC time from device converted to Epoch
1693828755228589314, 1693828755,228494586,,1693828757,0,UTC time from device converted to Epoch
1693828756227621246, 1693828756,227531575,,1693828758,0,UTC time from device converted to Epoch
1693828757237804559, 1693828757,237166300,,1693828759,0,UTC time from device converted to Epoch
1693828758237347897, 1693828758,237224994,,1693828760,0,UTC time from device converted to Epoch
1693828759230643555, 1693828759,230403933,,1693828761,0,UTC time from device converted to Epoch
1693828760230035065, 1693828760,229989902,,1693828762,0,UTC time from device converted to Epoch
1693828761227705359, 1693828761,227596591,,1693828763,0,UTC time from device converted to Epoch
1693828762228553804, 1693828762,228492220,,1693828764,0,UTC time from device converted to Epoch
1693828763228882327, 1693828763,228583470,,1693828765,0,UTC time from device converted to Epoch
1693828764226411624, 1693828764,226290232,,1693828766,0,UTC time from device converted to Epoch
1693828765226686777, 1693828765,226376595,,1693828767,0,UTC time from device converted to Epoch
1693828766238866198, 1693828766,238552638,,1693828768,0,UTC time from device converted to Epoch
1693828767239128492, 1693828767,238419932,,1693828769,0,UTC time from device converted to Epoch
1693828768236865503, 1693828768,236009191,,1693828770,0,UTC time from device converted to Epoch
1693828769233864031, 1693828769,233410105,,1693828771,0,UTC time from device converted to Epoch
1693828770229392936, 1693828770,229200288,,1693828772,0,UTC time from device converted to Epoch
1693828771228610105, 1693828771,228416750,,1693828773,0,UTC time from device converted to Epoch
1693828772227757530, 1693828772,227696225,,1693828774,0,UTC time from device converted to Epoch
1693828773228212916, 1693828773,227713256,,1693828775,0,UTC time from device converted to Epoch
1693828774228259297, 1693828774,227947722,,1693828776,0,UTC time from device converted to Epoch
1693828775228734460, 1693828775,228128822,,1693828777,0,UTC time from device converted to Epoch
1693828776228446065, 1693828776,227435838,,1693828778,0,UTC time from device converted to Epoch
1693828777227611298, 1693828777,227419149,,1693828779,0,UTC time from device converted to Epoch
1693828778227429624, 1693828778,227376406,,1693828780,0,UTC time from device converted to Epoch
1693828779229014023, 1693828779,228430026,,1693828781,0,UTC time from device converted to Epoch
1693828780228688810, 1693828780,228570063,,1693828782,0,UTC time from device converted to Epoch
1693828781227487615, 1693828781,227087242,,1693828783,0,UTC time from device converted to Epoch
1693828782227374943, 1693828782,227233158,,1693828784,0,UTC time from device converted to Epoch
1693828783227805708, 1693828783,227383836,,1693828785,0,UTC time from device converted to Epoch
1693828784226384532, 1693828784,225923994,,1693828786,0,UTC time from device converted to Epoch
1693828785236437033, 1693828785,236173037,,1693828787,0,UTC time from device converted to Epoch
1693828786233676386, 1693828786,233561596,,1693828788,0,UTC time from device converted to Epoch
1693828787233767910, 1693828787,233635960,,1693828789,0,UTC time from device converted to Epoch
1693828788235109287, 1693828788,234776598,,1693828790,0,UTC time from device converted to Epoch
1693828789233660519, 1693828789,233565611,,1693828791,0,UTC time from device converted to Epoch
1693828790235084773, 1693828790,234989696,,1693828792,0,UTC time from device converted to Epoch
1693828791235531260, 1693828791,235293172,,1693828793,0,UTC time from device converted to Epoch
1693828792232944553, 1693828792,232732409,,1693828794,0,UTC time from device converted to Epoch
1693828793231013320, 1693828793,230967012,,1693828795,0,UTC time from device converted to Epoch
1693828794233307899, 1693828794,233036837,,1693828796,0,UTC time from device converted to Epoch
1693828795234453223, 1693828795,233007628,,1693828797,0,UTC time from device converted to Epoch
1693828796229441847, 1693828796,229075997,,1693828798,0,UTC time from device converted to Epoch
1693828797226490116, 1693828797,226139312,,1693828799,0,UTC time from device converted to Epoch
1693828798226367527, 1693828798,226223311,,1693828800,0,UTC time from device converted to Epoch
1693828799226554282, 1693828799,226256474,,1693828801,0,UTC time from device converted to Epoch
1693828800226945255, 1693828800,226778185,,1693828802,0,UTC time from device converted to Epoch
1693828801226245747, 1693828801,226132240,,1693828803,0,UTC time from device converted to Epoch
1693828802228220521, 1693828802,226922611,,1693828804,0,UTC time from device converted to Epoch
1693828803226461632, 1693828803,226406816,,1693828805,0,UTC time from device converted to Epoch
1693828804237485291, 1693828804,236711225,,1693828806,0,UTC time from device converted to Epoch
1693828805235613910, 1693828805,235001734,,1693828807,0,UTC time from device converted to Epoch
1693828806234701974, 1693828806,234569350,,1693828808,0,UTC time from device converted to Epoch
1693828807234223582, 1693828807,233854877,,1693828809,0,UTC time from device converted to Epoch
1693828808234382383, 1693828808,233350329,,1693828810,0,UTC time from device converted to Epoch
1693828809230395249, 1693828809,229498111,,1693828811,0,UTC time from device converted to Epoch
1693828810226626979, 1693828810,226441684,,1693828812,0,UTC time from device converted to Epoch
1693828811229044724, 1693828811,228836908,,1693828813,0,UTC time from device converted to Epoch
1693828812225153224, 1693828812,225038346,,1693828814,0,UTC time from device converted to Epoch
1693828813234893364, 1693828813,234763039,,1693828815,0,UTC time from device converted to Epoch
1693828814230485560, 1693828814,229994274,,1693828816,0,UTC time from device converted to Epoch
1693828815228725767, 1693828815,228310077,,1693828817,0,UTC time from device converted to Epoch
1693828816236549724, 1693828816,236204402,,1693828818,0,UTC time from device converted to Epoch
1693828817226713237, 1693828817,226461296,,1693828819,0,UTC time from device converted to Epoch
1693828818233959149, 1693828818,233707296,,1693828820,0,UTC time from device converted to Epoch
1693828819229054226, 1693828819,228998356,,1693828821,0,UTC time from device converted to Epoch
1693828820235714097, 1693828820,235608530,,1693828822,0,UTC time from device converted to Epoch
1693828821228022514, 1693828821,227942452,,1693828823,0,UTC time from device converted to Epoch
1693828822227420717, 1693828822,226880612,,1693828824,0,UTC time from device converted to Epoch
1693828823231657188, 1693828823,231500381,,1693828825,0,UTC time from device converted to Epoch
1693828824234576615, 1693828824,234006727,,1693828826,0,UTC time from device converted to Epoch
1693828825227790333, 1693828825,227566026,,1693828827,0,UTC time from device converted to Epoch
1693828826234560114, 1693828826,234461120,,1693828828,0,UTC time from device converted to Epoch
1693828827227783656, 1693828827,227530908,,1693828829,0,UTC time from device converted to Epoch
1693828828234556654, 1693828828,234478380,,1693828830,0,UTC time from device converted to Epoch
1693828829238061495, 1693828829,237128425,,1693828831,0,UTC time from device converted to Epoch
1693828830234228886, 1693828830,233986306,,1693828832,0,UTC time from device converted to Epoch
1693828831234682164, 1693828831,234549461,,1693828833,0,UTC time from device converted to Epoch
1693828832235042942, 1693828832,234558727,,1693828834,0,UTC time from device converted to Epoch
1693828833232445273, 1693828833,232341117,,1693828835,0,UTC time from device converted to Epoch
1693828834234498679, 1693828834,234420010,,1693828836,0,UTC time from device converted to Epoch
1693828835233023005, 1693828835,232873248,,1693828837,0,UTC time from device converted to Epoch
1693828836225989473, 1693828836,225921584,,1693828838,0,UTC time from device converted to Epoch
1693828837225776360, 1693828837,225207839,,1693828839,0,UTC time from device converted to Epoch
1693828838225593207, 1693828838,225118647,,1693828840,0,UTC time from device converted to Epoch
1693828839234824940, 1693828839,234656446,,1693828841,0,UTC time from device converted to Epoch
1693828840239224932, 1693828840,238661263,,1693828842,0,UTC time from device converted to Epoch
1693828841227599195, 1693828841,227521289,,1693828843,0,UTC time from device converted to Epoch
1693828842226284143, 1693828842,226151123,,1693828844,0,UTC time from device converted to Epoch
1693828843226419368, 1693828843,226089049,,1693828845,0,UTC time from device converted to Epoch
1693828844227166334, 1693828844,226877645,,1693828846,0,UTC time from device converted to Epoch
1693828845224484976, 1693828845,224112265,,1693828847,0,UTC time from device converted to Epoch
1693828846226505217, 1693828846,226429626,,1693828848,0,UTC time from device converted to Epoch
1693828847235175102, 1693828847,234916574,,1693828849,0,UTC time from device converted to Epoch
1693828848230457223, 1693828848,230224732,,1693828850,0,UTC time from device converted to Epoch
1693828849231010822, 1693828849,230822842,,1693828851,0,UTC time from device converted to Epoch
1693828850230331927, 1693828850,230182871,,1693828852,0,UTC time from device converted to Epoch
1693828851226002937, 1693828851,225640459,,1693828853,0,UTC time from device converted to Epoch
1693828852226429954, 1693828852,226091604,,1693828854,0,UTC time from device converted to Epoch
1693828853226257543, 1693828853,226106624,,1693828855,0,UTC time from device converted to Epoch
1693828854226096743, 1693828854,225809153,,1693828856,0,UTC time from device converted to Epoch
1693828855224097973, 1693828855,223845278,,1693828857,0,UTC time from device converted to Epoch
1693828856226139006, 1693828856,225792506,,1693828858,0,UTC time from device converted to Epoch
1693828857239085014, 1693828857,238507330,,1693828859,0,UTC time from device converted to Epoch
1693828858234234515, 1693828858,234085081,,1693828860,0,UTC time from device converted to Epoch
1693828859234643823, 1693828859,234051954,,1693828861,0,UTC time from device converted to Epoch
1693828860234890155, 1693828860,234058002,,1693828862,0,UTC time from device converted to Epoch
1693828861234274556, 1693828861,233900649,,1693828863,0,UTC time from device converted to Epoch
1693828862234994670, 1693828862,234719138,,1693828864,0,UTC time from device converted to Epoch
1693828863235217239, 1693828863,234786153,,1693828865,0,UTC time from device converted to Epoch
1693828864236635590, 1693828864,235517994,,1693828866,0,UTC time from device converted to Epoch
1693828865233129772, 1693828865,232995053,,1693828867,0,UTC time from device converted to Epoch
1693828866231914049, 1693828866,231502682,,1693828868,0,UTC time from device converted to Epoch
1693828867233241395, 1693828867,233082477,,1693828869,0,UTC time from device converted to Epoch
1693828868231082190, 1693828868,230966849,,1693828870,0,UTC time from device converted to Epoch
1693828869231557194, 1693828869,230991447,,1693828871,0,UTC time from device converted to Epoch
1693828870231110952, 1693828870,230990356,,1693828872,0,UTC time from device converted to Epoch
1693828871233105246, 1693828871,232890987,,1693828873,0,UTC time from device converted to Epoch
1693828872231219252, 1693828872,231111885,,1693828874,0,UTC time from device converted to Epoch
1693828873230677399, 1693828873,229182310,,1693828875,0,UTC time from device converted to Epoch
1693828874229367455, 1693828874,229249860,,1693828876,0,UTC time from device converted to Epoch
1693828875231627055, 1693828875,231276547,,1693828877,0,UTC time from device converted to Epoch
1693828876231198751, 1693828876,231021861,,1693828878,0,UTC time from device converted to Epoch
1693828877231179214, 1693828877,230977854,,1693828879,0,UTC time from device converted to Epoch
1693828878231414958, 1693828878,230331449,,1693828880,0,UTC time from device converted to Epoch
1693828879229460567, 1693828879,229088551,,1693828881,0,UTC time from device converted to Epoch
1693828880229017402, 1693828880,228889992,,1693828882,0,UTC time from device converted to Epoch
1693828881230129498, 1693828881,228834756,,1693828883,0,UTC time from device converted to Epoch
1693828882234771256, 1693828882,230060465,,1693828884,0,UTC time from device converted to Epoch
1693828883230850689, 1693828883,230542314,,1693828885,0,UTC time from device converted to Epoch
1693828884229006792, 1693828884,228599586,,1693828886,0,UTC time from device converted to Epoch
1693828885230831096, 1693828885,229970911,,1693828887,0,UTC time from device converted to Epoch
1693828886227264540, 1693828886,226712361,,1693828888,0,UTC time from device converted to Epoch
1693828887222832880, 1693828887,222546928,,1693828889,0,UTC time from device converted to Epoch
1693828888232219645, 1693828888,232059807,,1693828890,0,UTC time from device converted to Epoch
1693828889232037537, 1693828889,231121310,,1693828891,0,UTC time from device converted to Epoch
1693828890230910019, 1693828890,230818466,,1693828892,0,UTC time from device converted to Epoch
1693828891228765804, 1693828891,228494543,,1693828893,0,UTC time from device converted to Epoch
1693828892227101373, 1693828892,226149252,,1693828894,0,UTC time from device converted to Epoch
1693828893224733518, 1693828893,224332048,,1693828895,0,UTC time from device converted to Epoch
1693828894233471235, 1693828894,232156123,,1693828896,0,UTC time from device converted to Epoch
1693828895228345318, 1693828895,228145121,,1693828897,0,UTC time from device converted to Epoch
1693828896225903087, 1693828896,225559630,,1693828898,0,UTC time from device converted to Epoch
1693828897234878773, 1693828897,234293198,,1693828899,0,UTC time from device converted to Epoch
1693828898227678159, 1693828898,227584006,,1693828900,0,UTC time from device converted to Epoch
1693828899235191335, 1693828899,235044123,,1693828901,0,UTC time from device converted to Epoch
1693828900235098897, 1693828900,234968935,,1693828902,0,UTC time from device converted to Epoch
1693828901225789626, 1693828901,225341911,,1693828903,0,UTC time from device converted to Epoch
1693828902226111920, 1693828902,225917349,,1693828904,0,UTC time from device converted to Epoch
1693828903226479195, 1693828903,225770020,,1693828905,0,UTC time from device converted to Epoch
1693828904232871678, 1693828904,232745121,,1693828906,0,UTC time from device converted to Epoch
1693828905238258177, 1693828905,237636439,,1693828907,0,UTC time from device converted to Epoch
1693828906237911871, 1693828906,237608636,,1693828908,0,UTC time from device converted to Epoch
1693828907238017096, 1693828907,237590221,,1693828909,0,UTC time from device converted to Epoch
1693828908238484301, 1693828908,237646633,,1693828910,0,UTC time from device converted to Epoch
1693828909239599699, 1693828909,238727584,,1693828911,0,UTC time from device converted to Epoch
1693828910236100985, 1693828910,235978567,,1693828912,0,UTC time from device converted to Epoch
1693828911233667004, 1693828911,233508306,,1693828913,0,UTC time from device converted to Epoch
1693828912231635565, 1693828912,231172633,,1693828914,0,UTC time from device converted to Epoch
1693828913225043042, 1693828913,224553449,,1693828915,0,UTC time from device converted to Epoch
1693828914240879114, 1693828914,240445583,,1693828916,0,UTC time from device converted to Epoch
1693828915225116566, 1693828915,224872927,,1693828917,0,UTC time from device converted to Epoch
1693828916236909690, 1693828916,236737221,,1693828918,0,UTC time from device converted to Epoch
1693828917236966496, 1693828917,236837380,,1693828919,0,UTC time from device converted to Epoch
1693828918227047530, 1693828918,224906070,,1693828920,0,UTC time from device converted to Epoch
1693828919236989327, 1693828919,236762306,,1693828921,0,UTC time from device converted to Epoch
1693828920231892453, 1693828920,231792820,,1693828922,0,UTC time from device converted to Epoch
1693828921224703600, 1693828921,224638191,,1693828923,0,UTC time from device converted to Epoch
1693828922237300240, 1693828922,237151091,,1693828924,0,UTC time from device converted to Epoch
1693828923236773565, 1693828923,236627340,,1693828925,0,UTC time from device converted to Epoch
1693828924225635279, 1693828924,224873391,,1693828926,0,UTC time from device converted to Epoch
1693828925237143864, 1693828925,236879869,,1693828927,0,UTC time from device converted to Epoch
1693828926225169013, 1693828926,224950880,,1693828928,0,UTC time from device converted to Epoch
1693828927240375300, 1693828927,237184847,,1693828929,0,UTC time from device converted to Epoch
1693828928232306525, 1693828928,232204586,,1693828930,0,UTC time from device converted to Epoch
1693828929232382662, 1693828929,232160603,,1693828931,0,UTC time from device converted to Epoch
1693828930232308209, 1693828930,232208889,,1693828932,0,UTC time from device converted to Epoch
1693828931232263653, 1693828931,232182402,,1693828933,0,UTC time from device converted to Epoch
1693828932232236082, 1693828932,232128516,,1693828934,0,UTC time from device converted to Epoch
1693828933232284695, 1693828933,232128213,,1693828935,0,UTC time from device converted to Epoch
1693828934230521768, 1693828934,230415914,,1693828936,0,UTC time from device converted to Epoch
1693828935228140901, 1693828935,228006264,,1693828937,0,UTC time from device converted to Epoch
1693828936223798635, 1693828936,223663065,,1693828938,0,UTC time from device converted to Epoch
1693828937227336724, 1693828937,226164081,,1693828939,0,UTC time from device converted to Epoch
1693828938224117953, 1693828938,223761590,,1693828940,0,UTC time from device converted to Epoch
1693828939229367825, 1693828939,227768346,,1693828941,0,UTC time from device converted to Epoch
1693828940224099427, 1693828940,223815433,,1693828942,0,UTC time from device converted to Epoch
1693828941225106367, 1693828941,224441435,,1693828943,0,UTC time from device converted to Epoch
1693828942224566600, 1693828942,224230484,,1693828944,0,UTC time from device converted to Epoch
1693828943225656248, 1693828943,225348650,,1693828945,0,UTC time from device converted to Epoch
1693828944224963280, 1693828944,224330414,,1693828946,0,UTC time from device converted to Epoch
1693828945225687537, 1693828945,224941760,,1693828947,0,UTC time from device converted to Epoch
1693828946224517256, 1693828946,223707166,,1693828948,0,UTC time from device converted to Epoch
1693828947222587977, 1693828947,222180647,,1693828949,0,UTC time from device converted to Epoch
1693828948231949626, 1693828948,231696785,,1693828950,0,UTC time from device converted to Epoch
1693828949227999910, 1693828949,227237164,,1693828951,0,UTC time from device converted to Epoch
1693828950224953777, 1693828950,224697312,,1693828952,0,UTC time from device converted to Epoch
1693828951231824695, 1693828951,231656172,,1693828953,0,UTC time from device converted to Epoch
1693828952227621329, 1693828952,227348375,,1693828954,0,UTC time from device converted to Epoch
1693828953225363011, 1693828953,224795460,,1693828955,0,UTC time from device converted to Epoch
1693828954232083020, 1693828954,231748114,,1693828956,0,UTC time from device converted to Epoch
1693828955228285141, 1693828955,227242670,,1693828957,0,UTC time from device converted to Epoch
1693828956224636744, 1693828956,224354361,,1693828958,0,UTC time from device converted to Epoch
1693828957222095768, 1693828957,222017183,,1693828959,0,UTC time from device converted to Epoch
1693828958231571021, 1693828958,231427434,,1693828960,0,UTC time from device converted to Epoch
1693828959231464612, 1693828959,231289573,,1693828961,0,UTC time from device converted to Epoch
1693828960226946297, 1693828960,226754539,,1693828962,0,UTC time from device converted to Epoch
1693828961227006226, 1693828961,226693002,,1693828963,0,UTC time from device converted to Epoch
1693828962227067201, 1693828962,226884042,,1693828964,0,UTC time from device converted to Epoch
1693828963227228169, 1693828963,226659739,,1693828965,0,UTC time from device converted to Epoch
1693828964226874497, 1693828964,226780615,,1693828966,0,UTC time from device converted to Epoch
1693828965228910859, 1693828965,226764315,,1693828967,0,UTC time from device converted to Epoch
1693828966228549339, 1693828966,228106092,,1693828968,0,UTC time from device converted to Epoch
1693828967231667178, 1693828967,224139645,,1693828969,0,UTC time from device converted to Epoch
1693828968231583271, 1693828968,231295271,,1693828970,0,UTC time from device converted to Epoch
1693828969228794986, 1693828969,228591860,,1693828971,0,UTC time from device converted to Epoch
1693828970227094690, 1693828970,226455508,,1693828972,0,UTC time from device converted to Epoch
1693828971222104679, 1693828971,221887808,,1693828973,0,UTC time from device converted to Epoch
1693828972230770458, 1693828972,230645296,,1693828974,0,UTC time from device converted to Epoch
1693828973226560855, 1693828973,226173932,,1693828975,0,UTC time from device converted to Epoch
1693828974222654825, 1693828974,222192068,,1693828976,0,UTC time from device converted to Epoch
1693828975231782151, 1693828975,231705314,,1693828977,0,UTC time from device converted to Epoch
1693828976226737580, 1693828976,226283777,,1693828978,0,UTC time from device converted to Epoch
1693828977238968138, 1693828977,238859590,,1693828979,0,UTC time from device converted to Epoch
1693828978225703338, 1693828978,225192070,,1693828980,0,UTC time from device converted to Epoch
1693828979237492036, 1693828979,236192779,,1693828981,0,UTC time from device converted to Epoch
1693828980226727470, 1693828980,226640675,,1693828982,0,UTC time from device converted to Epoch
1693828981227425304, 1693828981,227020791,,1693828983,0,UTC time from device converted to Epoch
1693828982230102316, 1693828982,230005668,,1693828984,0,UTC time from device converted to Epoch
1693828983225686076, 1693828983,225539538,,1693828985,0,UTC time from device converted to Epoch
